[{"model": "storage.warehouse", "pk": 1, "fields": {"title": "Склад на Матвеевской", "description": "Склад для хранения личный вещей, товаров и документов.", "address": "Москва, ул. Матвеевская, 1", "phone": "+74955552370", "latitude": 55.705546, "longitude": 37.479194, "slug": "sklad-Matveevskij"}}, {"model": "storage.warehouse", "pk": 2, "fields": {"title": "Склад на Калужской", "description": "Хранение личных вещей, товара. Услуги для физических и юридических лиц.", "address": "Москва, ул. Обручева, 84", "phone": "+74955552369", "latitude": 55.654628, "longitude": 37.530185, "slug": "sklad-kaluzhskaja"}}, {"model": "storage.warehouse", "pk": 3, "fields": {"title": "Склад Люблино", "description": "Хранение личных вещей, товара. Услуги для физических лиц.", "address": "Москва, ул.Краснодарская, 1", "phone": "+74955552368", "latitude": 55.673229, "longitude": 37.78172, "slug": "sklad-lyublino"}}, {"model": "storage.warehouse", "pk": 4, "fields": {"title": "Склад в Останкино", "description": "Хранение личных вещей, товара. Услуги сезонного хранения для физических и юридических лиц.", "address": "Москва, ул. Хованская, 1", "phone": "+12125552368", "latitude": 55.827428, "longitude": 37.622504, "slug": "sklad-ostankino"}}, {"model": "storage.unitmeasurement", "pk": 1, "fields": {"name": "шт"}}, {"model": "storage.unitmeasurement", "pk": 2, "fields": {"name": "м2"}}, {"model": "storage.category", "pk": 1, "fields": {"name": "Площадь", "measurement": 2}}, {"model": "storage.category", "pk": 2, "fields": {"name": "Вещи сезонного хранения", "measurement": 1}}, {"model": "storage.priceperiod", "pk": 3, "fields": {"duration": "неделя"}}, {"model": "storage.priceperiod", "pk": 4, "fields": {"duration": "месяц"}}, {"model": "storage.basestepprice", "pk": 3, "fields": {"category": 1, "warehouse": 1, "base_price": 599.0, "step_price": 150.0}}, {"model": "storage.basestepprice", "pk": 4, "fields": {"category": 1, "warehouse": 2, "base_price": 499.0, "step_price": 120.0}}, {"model": "storage.basestepprice", "pk": 5, "fields": {"category": 1, "warehouse": 4, "base_price": 569.0, "step_price": 120.0}}, {"model": "storage.basestepprice", "pk": 6, "fields": {"category": 1, "warehouse": 3, "base_price": 699.0, "step_price": 180.0}}, {"model": "storage.unit", "pk": 1, "fields": {"name": "Бокс", "category": 1}}, {"model": "storage.unit", "pk": 2, "fields": {"name": "Шины автомобильные (комплект 4 шт)", "category": 2}}, {"model": "storage.unit", "pk": 3, "fields": {"name": "Велосипед", "category": 2}}, {"model": "storage.unit", "pk": 4, "fields": {"name": "Сноуборд", "category": 2}}, {"model": "storage.unit", "pk": 5, "fields": {"name": "Лыжи", "category": 2}}, {"model": "storage.price", "pk": 60, "fields": {"unit": 1, "warehouse": 4, "price": 420.0, "period": 4}}, {"model": "storage.price", "pk": 61, "fields": {"unit": 1, "warehouse": 3, "price": 300.0, "period": 4}}, {"model": "storage.price", "pk": 62, "fields": {"unit": 1, "warehouse": 2, "price": 480.0, "period": 4}}, {"model": "storage.price", "pk": 63, "fields": {"unit": 1, "warehouse": 1, "price": 480.0, "period": 4}}, {"model": "storage.price", "pk": 64, "fields": {"unit": 3, "warehouse": 4, "price": 300.0, "period": 4}}, {"model": "storage.price", "pk": 65, "fields": {"unit": 3, "warehouse": 3, "price": 360.0, "period": 4}}, {"model": "storage.price", "pk": 66, "fields": {"unit": 3, "warehouse": 2, "price": 360.0, "period": 4}}, {"model": "storage.price", "pk": 67, "fields": {"unit": 3, "warehouse": 1, "price": 360.0, "period": 4}}, {"model": "storage.price", "pk": 68, "fields": {"unit": 4, "warehouse": 4, "price": 540.0, "period": 4}}, {"model": "storage.price", "pk": 69, "fields": {"unit": 4, "warehouse": 3, "price": 300.0, "period": 4}}, {"model": "storage.price", "pk": 70, "fields": {"unit": 4, "warehouse": 2, "price": 240.0, "period": 4}}, {"model": "storage.price", "pk": 71, "fields": {"unit": 4, "warehouse": 1, "price": 240.0, "period": 4}}, {"model": "storage.price", "pk": 72, "fields": {"unit": 5, "warehouse": 4, "price": 540.0, "period": 4}}, {"model": "storage.price", "pk": 73, "fields": {"unit": 5, "warehouse": 3, "price": 420.0, "period": 4}}, {"model": "storage.price", "pk": 74, "fields": {"unit": 5, "warehouse": 2, "price": 540.0, "period": 4}}, {"model": "storage.price", "pk": 75, "fields": {"unit": 5, "warehouse": 1, "price": 540.0, "period": 4}}, {"model": "storage.price", "pk": 76, "fields": {"unit": 2, "warehouse": 4, "price": 420.0, "period": 4}}, {"model": "storage.price", "pk": 77, "fields": {"unit": 2, "warehouse": 3, "price": 480.0, "period": 4}}, {"model": "storage.price", "pk": 78, "fields": {"unit": 2, "warehouse": 2, "price": 300.0, "period": 4}}, {"model": "storage.price", "pk": 79, "fields": {"unit": 2, "warehouse": 1, "price": 540.0, "period": 4}}, {"model": "storage.price", "pk": 80, "fields": {"unit": 1, "warehouse": 4, "price": 160.0, "period": 3}}, {"model": "storage.price", "pk": 81, "fields": {"unit": 1, "warehouse": 3, "price": 120.0, "period": 3}}, {"model": "storage.price", "pk": 82, "fields": {"unit": 1, "warehouse": 2, "price": 80.0, "period": 3}}, {"model": "storage.price", "pk": 83, "fields": {"unit": 1, "warehouse": 1, "price": 100.0, "period": 3}}, {"model": "storage.price", "pk": 84, "fields": {"unit": 3, "warehouse": 4, "price": 180.0, "period": 3}}, {"model": "storage.price", "pk": 85, "fields": {"unit": 3, "warehouse": 3, "price": 140.0, "period": 3}}, {"model": "storage.price", "pk": 86, "fields": {"unit": 3, "warehouse": 2, "price": 80.0, "period": 3}}, {"model": "storage.price", "pk": 87, "fields": {"unit": 3, "warehouse": 1, "price": 80.0, "period": 3}}, {"model": "storage.price", "pk": 88, "fields": {"unit": 4, "warehouse": 4, "price": 140.0, "period": 3}}, {"model": "storage.price", "pk": 89, "fields": {"unit": 4, "warehouse": 3, "price": 160.0, "period": 3}}, {"model": "storage.price", "pk": 90, "fields": {"unit": 4, "warehouse": 2, "price": 80.0, "period": 3}}, {"model": "storage.price", "pk": 91, "fields": {"unit": 4, "warehouse": 1, "price": 120.0, "period": 3}}, {"model": "storage.price", "pk": 92, "fields": {"unit": 5, "warehouse": 4, "price": 140.0, "period": 3}}, {"model": "storage.price", "pk": 93, "fields": {"unit": 5, "warehouse": 3, "price": 100.0, "period": 3}}, {"model": "storage.price", "pk": 94, "fields": {"unit": 5, "warehouse": 2, "price": 100.0, "period": 3}}, {"model": "storage.price", "pk": 95, "fields": {"unit": 5, "warehouse": 1, "price": 80.0, "period": 3}}, {"model": "storage.price", "pk": 96, "fields": {"unit": 2, "warehouse": 4, "price": 120.0, "period": 3}}, {"model": "storage.price", "pk": 97, "fields": {"unit": 2, "warehouse": 3, "price": 140.0, "period": 3}}, {"model": "storage.price", "pk": 98, "fields": {"unit": 2, "warehouse": 2, "price": 140.0, "period": 3}}, {"model": "storage.price", "pk": 99, "fields": {"unit": 2, "warehouse": 1, "price": 120.0, "period": 3}}]